ID,target,v1,v2,v3,v4,v5,v6,v7,v8,v9,v10,v11,v12,v13,v14,v15,v16,v17,v18,v19,v20,v21,v23,v24,v25,v26,v27,v28,v29,v30,v31,v32,v33,v34,v35,v36,v37,v38,v39,v40,v41,v42,v43,v44,v45,v46,v47,v48,v49,v50,v51,v52,v53,v54,v55,v57,v58,v59,v60,v61,v62,v63,v64,v65,v66,v67,v68,v69,v70,v71,v72,v73,v74,v75,v76,v77,v78,v79,v80,v81,v82,v83,v84,v85,v86,v87,v88,v89,v90,v91,v92,v93,v94,v95,v96,v97,v98,v99,v100,v101,v102,v103,v104,v105,v106,v107,v108,v109,v110,v111,v112,v114,v115,v116,v117,v118,v119,v120,v121,v122,v123,v124,v126,v127,v128,v129,v130,v131
102131,10,2.72931358704,8.09126978418,67,4.06396729327,9.36536471542,3.0660687578,2.64271931526,0.425627641006,10.1530619525,0.85339179593,14.8594931793,6.39034403708,3.94763567098,8.95859061765,2.19633305666,8.13333422005,3.94112053113,0.955545455258,0.184924468698,18.119906103,4.3824455747,0.000000506003376424,68,0.761509221514,2.0814618128,2.56574684794,6.66452907222,8.39640749345,67,65,1.9146881175,1.92431042992,5.36889905122,6.9275173151,14.8514206388,1.11650498571,0,0.128027400438,11.0701114552,6.95317432495,12.790250422,2.42631876062,11.9472643649,9.10881497815,0.497984940403,67,12.0154139381,7.63309893317,0.767369451454,7.19795300577,70,15.553857269,0.417493645761,1.59717861387,4.45798670716,6.78994162477,10.3810011761,1.81099074579,15.6846851581,3,0.407220189794,6.64460695577,16.9492818293,65,9.35856285704,19.4674559819,11.0666664652,12.1144803313,66,3,2.84155730332,66,66,2.44708042807,7.86401479338,8.80000040807,69,3.11224555266,7.25135359459,3.69778622619,1.2700445605,2.34765806001,2.23792736889,1.32777413087,10.9119555447,1.06478576026,0.599030485462,0.943187480788,65,0.51579653279,5.36748321874,3.63463664597,0.577807105548,6.52982582284,7.47572717724,9.27151930241,1.16420873043,11.7603553143,5.80193837508,1.92387402205,4.79283372605,2.74078734998,0.270079527003,12.6413742289,69,1.82144588154,3.53944887879,66,2.5785757664,65,13.1230455248,8.93333405389,2.3529408744,10.2818727134,8.5922330543,6.08491703598,0.414201687944,1.66386574535,7.04081703542,2.69774493913,0.247180323155,1.66548266316,3.74037823376,1.8382834714,0,1.45631008611,3.06666682633
132924,10,-1,-1,67,-1,-1,-1,-1,-1,-1,1.29102929897,-1,6.10879699255,-1,12.2301380053,-1,-1,-1,-1,-1,-1,7.27472889597,-1,69,-1,-1,-1,-1,-1,70,65,-1,-1,5.53076356718,-1,-1,-1,0,-1,11.254612678,-1,-1,-1,-1,-1,-1,67,-1,-1,2.44296125004,-1,69,-1,-1,-1,-1,-1,-1,-1,-1,2,-1,-1,-1,65,-1,-1,-1,-1,66,2,-1,66,66,-1,-1,-1,66,-1,-1,-1,-1,-1,-1,-1,-1,-1,-1,-1,67,-1,-1,-1,-1,-1,-1,-1,-1,-1,-1,-1,-1,-1,-1,-1,68,-1,-1,66,-1,78,13.6450016781,-1,-1,-1,-1,-1,-1,-1,-1,-1,-1,-1,-1,-1,0,-1,-1
140799,01,-1,-1,67,-1,-1,-1,-1,-1,-1,1.81619210644,-1,7.16921844624,-1,12.1486056987,-1,-1,-1,-1,-1,-1,6.93535410469,-1,66,-1,-1,-1,-1,-1,-1,65,-1,-1,4.81350080926,-1,-1,-1,0,-1,12.917300609,-1,-1,-1,-1,-1,-1,67,-1,-1,0.56782418335,-1,66,-1,-1,-1,-1,-1,-1,-1,-1,1,-1,-1,-1,66,-1,-1,-1,-1,70,1,-1,66,68,-1,-1,-1,69,-1,-1,-1,-1,-1,-1,-1,-1,-1,-1,-1,66,-1,-1,-1,-1,-1,-1,-1,-1,-1,-1,-1,-1,-1,-1,-1,66,-1,-1,66,-1,70,11.3482684293,-1,-1,-1,-1,-1,-1,-1,-1,-1,-1,-1,-1,-1,0,-1,-1
33124,10,1.15697291596,2.51263513953,67,1.73885110614,8.30772140456,1.52595345093,1.84490394305,4.88313524012,11.0576926892,1.29102941691,15.6582627681,6.01692973497,4.56115654011,10.6554759654,2.80705688621,4.91124189959,1.00650435748,1.09901821243,0.331645300731,15.7004828164,5.75246603959,8.77032023258,69,3.14577012667,0.917240094973,2.3327071452,6.83557792143,6.82301524775,67,65,2.15759942711,4.22764324206,6.16222284109,8.51782461621,14.9976078867,0.677965186354,0,0.194800006803,10.2561320971,6.99186968036,13.2270175451,1.12044892843,6.93676081345,10.3890379344,3.68215798635,67,17.6647749738,8.78048838157,2.69826031826,12.4156677415,75,16.0219980005,1.62102351871,3.45215835845,3.65853618478,17.2218658835,7.68061531509,0.802585521774,8.61256927335,2,3.50574474981,1.88893164669,12.0323631977,65,8.93058155131,18.9967851945,10.8875748543,12.8498915219,70,2,3.35550916924,66,68,0.590523186413,6.57285885141,14.4970423947,66,3.99038366488,8.31695057659,3.18331700988,4.59662204841,3.11444694018,6.17250580537,1.37898638957,10.022068123,0.537837018037,1.51351759606,0.819153390828,67,0.61619849408,2.49006127859,4.55052593038,0.824682127525,5.46591676143,4.74576275786,5.42148326671,1.02042920508,2.7781356759,3.23935145247,2.69044788088,6.88311103616,2.8358301805,3.15950886354,4.82504237807,68,1.22830358721,3.60106446337,66,5.77861234918,80,14.497945104,9.11242513894,1.28322703878,9.15093218064,5.42372792364,15.082876404,0.823151468399,5.23504367616,7.06730685261,11.9342788709,0.466666895679,1.69855625551,2.09896737485,1.69491533803,0,4.58305115656,0.591716513459
71608,10,-0.00000026665263466,6.21959119075,67,4.96741005398,8.74243354776,2.77695800116,2.80649973715,0.027347829699,7.45762691735,1.81619310053,16.6666664652,6.14495457726,2.87072976583,12.433869902,1.43914477441,1.42857153096,4.36256095392,0.243126427273,0.17688680609,18.6575241255,7.09011690641,-0.0000001037478071,66,0.135225436522,1.62481541033,3.13146279295,1.44537104055,8.98079852901,70,67,0.974888666688,0.827179045538,6.59256809863,7.56277667995,10.5889357348,0.000000699851197535,1,3.27065260771,10.1041884971,7.828655008,12.8803552758,1.88679244267,13.8960765518,9.35457522753,0.140527394748,67,11.1449146525,8.36041373451,3.41427574983,6.41651097566,76,16.5789483455,0.103213485138,0.531757041414,5.05169894222,0.697674165408,10.585952438,1.62481570938,16.6169423721,2,0.1566259585,7.45237259987,17.6879567481,65,9.39438798108,16.39534909,8.57142874452,11.4398918684,70,3,1.44130022455,66,68,2.66980561958,8.00590780106,18.571429087,66,0.338983235858,6.56035879402,8.61646211029,1.15214119497,0.177252531504,3.59999943531,0.930576920251,13.2677280937,2.00886321825,0.0545814293809,0.943680604556,70,0.520193137431,6.06233402023,3.6921277705,0.540968476686,7.44460791781,6.31578888628,9.98020380368,1.84145698158,19.3023248819,7.81156155927,1.79363296686,4.47444619559,1.89989090586,0.0223424274243,14.0646164291,65,2.04863830029,6.00328989037,66,1.41802086581,86,14.8583768192,11.4285722508,1.97368343795,8.09257121084,6.31578914294,-0.0000000109752374155,0.581394755076,1.37809224064,7.11864344356,2.0429637836,0.0216037007048,1.86147821968,2.7141796759,2.53673088638,0,0.589473065688,0.000000127169418365
166290,10,1.08610522755,9.35473136422,67,4.17550737664,8.72723807722,1.99608551417,2.50489246046,0.848868212334,8.09160380149,1.81619289625,15.7723582282,6.1164446661,3.53747318804,12.3078393066,2.14592260158,3.84615311271,4.23384514622,0.286238846808,0.220290153952,17.8502407797,6.93240602308,-0.000000115847315105,68,1.05803530168,1.82974510928,2.21134955312,2.18302313674,9.11937446168,67,66,1.55577212212,1.01761193197,6.10661958948,9.08023487672,15.0683216421,0.468750497777,0,0.908203208955,10.872584585,7.59295473074,13.5029352,2.07317036411,11.5173699335,9.91475194751,0.998613387897,67,11.2197084105,8.45401136646,3.49350797054,6.00190165036,74,15.922746102,0.852030962677,0.763210345157,4.46183863347,2.27160537697,11.832613584,1.72211406651,16.7266468211,0,0.892662207205,7.28455812445,17.0196522278,65,9.62818046775,18.1728388629,10.0000006233,12.5858148605,70,2,2.24424106023,66,68,2.58183800216,7.63209485187,13.8461542966,66,0.763357849671,7.85016810774,3.47440717147,1.0567520511,0.587083657404,1.65517149827,1.4090025217,10.0266611221,3.20939357551,1.00141572505,1.15846646516,66,0.605084876411,5.02259980621,4.10390726328,0.635275089249,7.26027494094,7.49999959829,7.94963976465,1.68623585822,17.7283951364,6.93556765758,1.70194356374,4.19899052026,2.79438219273,0.518132531622,13.9681587989,66,1.96201933358,3.6192246446,66,1.5264184352,65,14.333563103,9.99999964304,2.06008624852,9.50776888343,7.96874941648,1.66885157181,1.0370371349,1.25000088811,7.32824454814,1.72732421363,0.451516080132,2.42366544185,2.49510737221,1.75663667066,2,0.812499345514,2.30769158526
18556,10,-1,-1,67,-1,-1,-1,-1,-1,-1,5.22975847294,-1,8.6407563276,-1,15.0894065597,-1,-1,-1,-1,-1,-1,8.8629387423,-1,69,-1,-1,-1,-1,-1,-1,66,-1,-1,8.89334830268,-1,-1,-1,0,-1,9.90159815288,-1,-1,-1,-1,-1,-1,67,-1,-1,3.4450877223,-1,67,-1,-1,-1,-1,-1,-1,-1,-1,0,-1,-1,-1,65,-1,-1,-1,-1,66,1,-1,66,66,-1,-1,-1,66,-1,-1,-1,-1,-1,-1,-1,-1,-1,-1,-1,67,-1,-1,-1,-1,-1,-1,-1,-1,-1,-1,-1,-1,-1,-1,-1,68,-1,-1,66,-1,78,15.0098478129,-1,-1,-1,-1,-1,-1,-1,-1,-1,-1,-1,-1,-1,1,-1,-1
33054,10,2.51079667609,1.21575063224,67,1.10476482343,7.94633063675,0.950031313054,2.02961044429,7.82717589696,10.2739723372,1.00656435446,14.2278486811,6.69184565725,4.0222545874,11.6363870153,3.14465494202,5.38461490908,0.387477537955,1.03116884523,0.306461481941,14.6952024008,7.01772855572,17.9939009964,67,7.5840394121,1.32325778227,2.56014829935,6.92965483599,4.90438097811,68,65,2.08204778957,4.81184368845,6.72061537433,7.34114828745,15.361418636,1.33738512863,0,0.0444893273024,9.0868964758,5.20049308477,11.6779775515,1.97468398781,4.23674238138,13.9445469432,8.63627315963,73,19.5021815866,6.94632989307,0.242095095794,15.4112504399,75,14.6163531338,4.64768344964,3.10919192916,3.05983945086,19.6984241955,6.72634333729,1.06313062,5.38023080027,1,8.3267045381,0.782188457349,9.78404726446,65,7.31030265604,17.8615499989,8.61538385378,10.2807480794,70,1,3.95569572171,66,68,0.219168459702,4.8180133452,13.4871800307,67,4.79452036231,8.79799503258,3.2011290772,4.86736550601,3.88649022459,8.3653836797,1.11042521257,8.8972730246,0.308450652532,8.3084338544,1.01764119372,66,0.369224157942,1.60516259331,4.62597712919,0.589311596513,3.58420823485,5.71428653973,8.96768024838,0.124409631105,0.205620983372,1.6472349001,-1,7.41260254614,2.94527903883,4.45837817318,2.43567522371,66,1.64754310006,2.97510071795,65,8.21715037642,78,14.467397057,11.3846150432,2.36477938069,8.30249611832,7.11246131232,19.6456318037,2.08361974246,7.00710528018,5.47945205139,16.5242099291,2.69085573735,1.554868775,2.12831591453,1.50905267467,0,4.74164105339,1.12820489163
176244,10,-1,-1,67,-1,-1,-1,-1,-1,-1,1.31291100043,-1,6.45168101412,-1,12.7939444435,-1,-1,-1,-1,-1,-1,8.08330895215,-1,69,-1,-1,-1,-1,-1,-1,65,-1,-1,5.1681024293,-1,-1,-1,0,-1,11.8500825875,-1,-1,-1,-1,-1,-1,73,-1,-1,1.53473764507,-1,76,-1,-1,-1,-1,-1,-1,-1,-1,1,-1,-1,-1,66,-1,-1,-1,-1,70,1,-1,66,68,-1,-1,-1,67,-1,-1,-1,-1,-1,-1,-1,-1,-1,-1,-1,70,-1,-1,-1,-1,-1,-1,-1,-1,-1,-1,-1,-1,-1,-1,-1,65,-1,-1,65,-1,81,12.7818830536,-1,-1,-1,-1,-1,-1,-1,-1,-1,-1,-1,-1,-1,0,-1,-1
58015,10,-1,-1,67,-1,-1,-1,-1,-1,-1,0.787746961285,-1,6.52639682637,-1,11.0922062924,-1,-1,-1,-1,-1,-1,6.76604965949,-1,65,-1,-1,-1,-1,-1,-1,65,-1,-1,2.421946744,-1,-1,-1,0,-1,15.6638446008,-1,-1,-1,-1,-1,-1,73,-1,-1,0.255299574558,-1,69,-1,-1,-1,-1,-1,-1,-1,-1,1,-1,-1,-1,65,-1,-1,-1,-1,67,1,-1,66,66,-1,-1,-1,67,-1,-1,-1,-1,-1,-1,-1,-1,-1,-1,-1,65,-1,-1,-1,-1,-1,-1,-1,-1,-1,-1,-1,-1,-1,-1,-1,69,-1,-1,65,-1,73,7.91955583023,-1,-1,-1,-1,-1,-1,-1,-1,-1,-1,-1,-1,-1,0,-1,-1
21244,10,0.712909775787,9.44865632313,-1,5.50546332988,7.99893928227,2.98009058329,2.40205500691,0.544419528117,7.6363630645,6.56455153858,15.4452554225,10.1500410939,2.88567825832,15.45224406,1.54819618627,5.15151539099,5.50530974514,0.585199438721,0.177440758607,18.585439498,9.0009718708,0.0000002542393355,67,0.481912247507,2.19010872218,3.8535636159,3.32691869565,7.95118836388,-1,-1,1.21387244266,1.69556897949,8.86847934121,6.1143218707,15.598039602,0.320856611804,0,0.810067432942,11.2842784279,6.79511960291,11.8047530661,2.71532921417,11.5969093449,7.16500111174,0.4956743859,68,10.3449741996,7.28323778767,1.97491086645,6.03273748063,67,15.6058157737,0.365286957359,1.15606942039,4.67565827011,6.61835825284,10.1324960914,2.11946137587,16.1975584472,0,0.560709743225,8.88018602344,16.8730776769,65,8.79897254657,16.7874391722,9.09090952437,11.4172495364,70,0,1.91605856047,66,68,3.49478597639,6.84649920236,13.9393937139,74,2.06060575147,8.85297448269,3.36917134628,1.77263930318,1.31021264901,3.44085952879,0.886319023966,7.93899031495,2.31213929833,0.533728246953,0.883253967187,66,0.541415745599,5.98899918887,3.16993758401,0.600954272374,6.20423983599,9.62566920233,7.70255633714,1.13037817883,13.3091777624,7.30495889242,2.21860052629,4.63686177331,2.31025915414,0.290054875415,15.0174613153,66,1.64840173935,2.38393367275,67,2.85163788851,70,13.4364657295,11.2121212264,2.90791528791,7.99885346027,9.94652396472,1.24426579233,2.46376898188,2.43386290111,5.57575751296,2.63595325393,0.40869263585,1.25595078393,5.08188839522,1.39898399257,0,1.41176430238,0.909091448266
16226,01,-1,-1,67,-1,-1,-1,-1,-1,-1,1.05032758628,-1,6.15958480735,-1,10.5405682309,-1,-1,-1,-1,-1,-1,5.82769587783,-1,68,-1,-1,-1,-1,-1,-1,65,-1,-1,10.3962939072,-1,-1,-1,0,-1,3.31886253663,-1,-1,-1,-1,-1,-1,70,-1,-1,1.81057928412,-1,68,-1,-1,-1,-1,-1,-1,-1,-1,1,-1,-1,-1,67,-1,-1,-1,-1,70,1,-1,66,68,-1,-1,-1,75,-1,-1,-1,-1,-1,-1,-1,-1,-1,-1,-1,67,-1,-1,-1,-1,-1,-1,-1,-1,-1,-1,-1,-1,-1,-1,-1,68,-1,-1,65,-1,82,18.3603145483,-1,-1,-1,-1,-1,-1,-1,-1,-1,-1,-1,-1,-1,0,-1,-1
109254,01,-1,-1,67,-1,-1,-1,-1,-1,-1,1.29102812958,-1,6.88069061362,-1,11.4310831857,-1,-1,-1,-1,-1,-1,6.54117423475,-1,69,-1,-1,-1,-1,-1,-1,65,-1,-1,4.15756720233,-1,-1,-1,0,-1,13.4259452352,-1,-1,-1,-1,-1,-1,67,-1,-1,0.297849693633,-1,73,-1,-1,-1,-1,-1,-1,-1,-1,1,-1,-1,-1,67,-1,-1,-1,-1,70,1,-1,66,68,-1,-1,-1,69,-1,-1,-1,-1,-1,-1,-1,-1,-1,-1,-1,67,-1,-1,-1,-1,-1,-1,-1,-1,-1,-1,-1,-1,-1,-1,-1,68,-1,-1,66,-1,85,10.6853762196,-1,-1,-1,-1,-1,-1,-1,-1,-1,-1,-1,-1,-1,0,-1,-1
90072,10,0.481770179397,10.4598849137,67,4.06870187111,10.7666440222,2.25260473977,2.50000000367,0.123644565383,11.3544667134,1.09409096792,15.6100890997,6.39129843352,3.68022174766,11.0922074974,2.46448759593,6.79245190911,3.62956986369,0.839635381658,0.170964715318,19.0830841252,6.45772078491,0.000000443340647227,69,0.137975117429,1.49197146711,2.58463558821,6.56617479769,8.86067677452,67,65,1.92382780926,1.3802092287,3.9722779306,8.35937514426,16.3117188379,0.208334243329,0,0.0910639372278,13.5207290251,7.45442624761,12.5520830642,1.70415813378,12.4422106809,10.6882875438,0.111104938956,67,12.3776638993,7.79296883058,1.25596074725,4.11956929679,73,15.8559884795,0.0899884059669,0.781250073553,3.7109377626,1.12794561534,11.667485768,1.44422794874,14.8235623914,2,0.131060434196,6.21340995024,17.9193046353,65,9.55078109228,19.427608802,7.54716901446,13.4345568384,70,2,2.79765864566,66,68,2.22428979353,7.81250022735,12.4528299463,69,2.07492723529,3.86907286855,13.7945119061,1.28906260336,1.40624970761,1.75280979875,1.57226603486,9.09933220659,2.12239601993,0.0977055127335,1.04170016554,69,0.586520333683,4.83999241197,3.17879923676,0.630822736254,7.02473950218,6.3020840332,7.54716672465,1.12196170187,18.8047146519,6.46277400914,1.78024761792,4.53591304801,2.46248485571,0.076955079915,11.9954972439,70,2.14986679723,2.25328992287,66,2.57812432024,85,11.0808400892,12.4528307439,1.7781038809,4.50914598476,6.51041622197,2.00641003738,0.488216037596,1.65413599766,9.27953912492,1.4565330359,0.00559837799526,1.30848660635,3.02734465339,2.07513858729,0,1.10416600937,0.754717391817
199063,10,0.735587280704,4.55870885114,67,4.68793920753,9.18354328256,2.66969681123,2.22096072878,10.8913154605,6.3848711872,1.29102896845,13.8755973711,6.5871386587,7.1696654619,14.2634228525,2.94824442705,8.39778934036,4.80985791789,1.44038517184,0.329983209724,17.9024383798,9.31450731934,-0.000000526797550683,68,9.02368458736,2.35349899823,2.41976681084,7.52619105884,8.46918579885,-1,66,2.44532852864,2.05623488631,6.00206991976,7.41834790672,14.0010046116,0.358057135178,0,0.626379808041,10.5093701276,6.58903805523,14.6492473355,2.70334990406,11.2297955336,5.46513067881,10.6438500663,67,10.6518514525,7.31610300522,1.11363722249,4.9678599024,71,14.2454733263,4.79480769044,1.56773607589,2.87418418956,9.61727136062,9.52176143174,2.28060136833,13.2359351101,0,11.1100154789,7.73474810614,16.2964922276,67,9.49730222433,18.4592745563,10.1657451037,13.3622768749,70,1,3.57605719995,66,68,3.03317086886,7.38426671178,10.8287283611,66,1.69076719518,6.94164997864,3.11686197088,1.66998084557,2.59017300586,2.53855265482,1.7977848534,10.7788623768,2.65833605563,4.70690293055,0.703514245469,67,0.638353445442,7.79401252941,5.45061466497,0.717439084247,6.03237775078,11.2020460623,5.1452705132,1.69743479836,10.3631013697,8.31490799275,2.69044940704,7.80027041995,5.56620225459,8.67752615683,12.6771919389,68,1.75297335234,5.94474102959,66,3.03323004057,68,13.7158240652,9.8342537536,2.9376250029,11.4962302335,11.5601015711,0.118828334614,0.971539934208,2.28260950772,4.69410547157,1.8153903537,10.1139859845,2.23388668374,3.54657849642,2.30112711579,1,1.85166223358,0.773480924657
156770,01,-1,-1,67,-1,-1,-1,-1,-1,-1,1.31290933595,-1,6.81914906034,-1,11.9678255564,-1,-1,-1,-1,-1,-1,7.07203043612,-1,69,-1,-1,-1,-1,-1,-1,65,-1,-1,6.71746620683,-1,-1,-1,0,-1,9.40018831666,-1,-1,-1,-1,-1,-1,73,-1,-1,0.513534917294,-1,75,-1,-1,-1,-1,-1,-1,-1,-1,1,-1,-1,-1,67,-1,-1,-1,-1,70,1,-1,66,68,-1,-1,-1,67,-1,-1,-1,-1,-1,-1,-1,-1,-1,-1,-1,67,-1,-1,-1,-1,-1,-1,-1,-1,-1,-1,-1,-1,-1,-1,-1,68,-1,-1,65,-1,79,14.3357008375,-1,-1,-1,-1,-1,-1,-1,-1,-1,-1,-1,-1,-1,0,-1,-1
24296,10,-1,-1,67,-1,-1,-1,-1,-1,-1,1.2910275409,-1,6.08767724374,-1,12.0359235639,-1,-1,-1,-1,-1,-1,7.11419255523,-1,69,-1,-1,-1,-1,-1,-1,65,-1,-1,8.59288387283,-1,-1,-1,0,-1,6.41270591473,-1,-1,-1,-1,-1,-1,67,-1,-1,2.50164994601,-1,74,-1,-1,-1,-1,-1,-1,-1,-1,2,-1,-1,-1,67,-1,-1,-1,-1,70,2,-1,66,68,-1,-1,-1,66,-1,-1,-1,-1,-1,-1,-1,-1,-1,-1,-1,65,-1,-1,-1,-1,-1,-1,-1,-1,-1,-1,-1,-1,-1,-1,-1,69,-1,-1,66,-1,72,16.9035703014,-1,-1,-1,-1,-1,-1,-1,-1,-1,-1,-1,-1,-1,0,-1,-1
97945,10,1.78364874109,5.68523987475,67,4.09076875506,12.1385348276,2.90782796176,2.637871279,0.243051974739,8.12765911606,1.31291071099,15.9965115192,6.07259685028,2.77238792264,11.8667075355,1.31882694174,4.64944683517,3.61228466294,2.04820083367,0.181135098701,18.1518491262,6.97757298845,-0.000000379923723688,67,0.135253714447,1.89484504249,3.50173586502,11.0861666992,7.79791772686,69,65,1.10489768546,2.0902431818,2.82483853308,8.02931038868,12.4806667013,0.730994510966,0,3.06854743894,15.5553145355,7.07288954508,12.1982252656,2.33754868898,12.0731817346,9.12128691871,0.139296977834,73,12.5779688245,7.75163968112,2.58821832559,4.16336986189,72,16.3303665529,0.0951130272589,1.18010002688,4.13420775747,4.47895185872,9.90448573929,1.71808701909,15.056127745,1,0.161284494834,6.18375487841,16.2301925799,66,8.84303892026,15.6176676333,7.52767625925,11.5251297927,70,1,1.73535381018,66,68,2.21215099615,6.85306510072,13.5055341229,67,2.68085077932,4.52930394859,13.0239348585,2.11723859119,1.45777092454,2.04294109374,0.740454273053,10.6464412435,1.95912148891,0.0504523597781,0.891310852288,66,0.473208917131,5.37873659149,3.55361292956,0.54191315235,6.36714292161,7.10526225494,10.1558179458,1.37164100643,15.0034504762,6.71579517174,1.91410129036,4.95521033226,1.97574341589,0.153340670306,11.982238893,66,2.04997536132,1.41447402411,65,3.8873893477,68,9.55505243499,12.3985248485,2.40355986599,4.99440078012,7.83625684619,1.00913795591,1.54589285065,2.73134239336,5.44680822925,2.40884438981,0.0179657875472,1.51668273643,3.65888834382,1.88607190459,0,1.58479601919,1.84501911387
116386,10,-1,-1,67,-1,-1,-1,-1,-1,-1,1.0284466526,-1,6.49672737361,-1,11.3545004298,-1,-1,-1,-1,-1,-1,6.6667825575,-1,67,-1,-1,-1,-1,-1,-1,65,-1,-1,7.07635582407,-1,-1,-1,0,-1,8.54641508391,-1,-1,-1,-1,-1,-1,67,-1,-1,0.828992022007,-1,72,-1,-1,-1,-1,-1,-1,-1,-1,2,-1,-1,-1,65,-1,-1,-1,-1,70,2,-1,66,68,-1,-1,-1,69,-1,-1,-1,-1,-1,-1,-1,-1,-1,-1,-1,71,-1,-1,-1,-1,-1,-1,-1,-1,-1,-1,-1,-1,-1,-1,-1,67,-1,-1,66,-1,75,15.0546905022,-1,-1,-1,-1,-1,-1,-1,-1,-1,-1,-1,-1,-1,0,-1,-1
213196,10,1.446567355,8.62826467195,-1,4.05853443584,9.44093865928,2.10251930875,2.15464890467,0.765899658939,10.9473688869,2.62582054435,16.1950276871,6.42222673743,3.37703442432,12.1486040596,1.81931190746,4.11214854312,4.32710139291,0.826913716226,0.176862615786,18.4314135481,7.72514683349,-0.0000000367630599326,67,1.65208106593,1.51317757033,3.59687252345,4.91981942201,8.1581227808,-1,-1,1.35534266041,1.85925251072,11.1405256859,8.02780140513,14.7339216222,0.725807377822,0,0.277392377345,3.72765995486,7.35881830228,11.7549954531,1.81644346311,11.1398790178,8.1475086074,1.16822211999,68,11.3281644472,7.94960825971,4.29609065145,7.64635556865,71,16.4004261534,1.11905385519,1.56385711863,3.38835871649,16.7179487268,8.96641726805,1.36982355337,16.2449042712,0,1.05054254364,7.37873544338,16.6552196502,67,9.08774983571,18.7692300033,11.2149532008,14.5449284166,70,0,2.07138287449,67,68,2.64822971779,7.38488295134,14.3925231128,80,2.31578886485,7.13974205681,3.73164910576,2.00695065182,1.14682867047,2.39234371021,1.0686359657,12.4052810586,1.58123356386,1.31124917248,0.792943418947,67,0.633149767158,5.95886835478,2.83418752618,0.706329218575,6.68983508414,6.93548472042,6.2449291631,1.44946470787,3.24786315805,5.61010044407,3.18611415066,3.94769836098,1.79934206589,0.500459944042,13.8064179014,68,1.93308388849,3.72426774368,67,2.45004387862,65,18.7543107696,8.78504603272,1.83173509336,10.4385910354,7.66129092765,0.0554757126957,0.974358668777,2.5245907593,8.63157959442,2.15818432117,0.952572518786,1.20815667863,4.54496055056,1.89094780166,0,1.72580686741,1.68224207919
30283,10,-1,-1,67,-1,-1,-1,-1,-1,-1,1.81619260843,-1,6.46279458402,-1,11.2897048572,-1,-1,-1,-1,-1,-1,7.14105856131,-1,69,-1,-1,-1,-1,-1,67,65,-1,-1,6.69552457858,-1,-1,-1,0,-1,9.94139401254,-1,-1,-1,-1,-1,-1,67,-1,-1,2.53099559542,-1,68,-1,-1,-1,-1,-1,-1,-1,-1,3,-1,-1,-1,67,-1,-1,-1,-1,70,3,-1,66,68,-1,-1,-1,66,-1,-1,-1,-1,-1,-1,-1,-1,-1,-1,-1,69,-1,-1,-1,-1,-1,-1,-1,-1,-1,-1,-1,-1,-1,-1,-1,70,-1,-1,66,-1,74,14.6653343772,-1,-1,-1,-1,-1,-1,-1,-1,-1,-1,-1,-1,-1,0,-1,-1
136341,01,-1,-1,67,-1,-1,-1,-1,-1,-1,1.83807445626,-1,7.25392604939,-1,12.4290892651,-1,-1,-1,-1,-1,-1,7.35427696881,-1,66,-1,-1,-1,-1,-1,-1,65,-1,-1,6.23173857968,-1,-1,-1,0,-1,10.6967658974,-1,-1,-1,-1,-1,-1,73,-1,-1,0.377081894088,-1,75,-1,-1,-1,-1,-1,-1,-1,-1,1,-1,-1,-1,65,-1,-1,-1,-1,70,1,-1,66,68,-1,-1,-1,67,-1,-1,-1,-1,-1,-1,-1,-1,-1,-1,-1,71,-1,-1,-1,-1,-1,-1,-1,-1,-1,-1,-1,-1,-1,-1,-1,67,-1,-1,65,-1,77,13.2729647263,-1,-1,-1,-1,-1,-1,-1,-1,-1,-1,-1,-1,-1,0,-1,-1
137829,10,1.95250683741,6.3928626481,67,4.87639657517,5.34633534094,2.11081744574,4.22163493989,0.0189508581373,7.82608786168,1.31291104522,14.7445255796,6.80595015713,1.65416859288,12.1486051476,1.00806446821,4.99999936903,3.64109813705,0.187292440636,0.145970580748,17.5930938596,7.29153447139,-0.000000281347028904,69,0.0548288981565,2.51539088743,5.11873375986,0.808210860147,6.54353646193,68,65,0.712401814388,1.26648997402,7.8609575215,6.22691331734,12.7186198157,0.499999733301,0,3.02096163074,7.5920708611,5.32981609873,11.50395852,3.79562080364,10.6328533641,4.75589132841,0.105641489931,73,12.0169679592,6.0158304677,0.550217222883,9.13133287712,75,15.1612902016,0.0213557270524,0.949867287313,4.59102965008,1.1320757072,9.31388404329,2.32189926556,16.4856731226,1,0.0792244942536,6.31083283456,16.2970676952,65,7.22955226628,14.7924524808,10.0000000286,6.24489239936,70,1,1.36861238124,66,68,2.22174405318,4.80211024468,11.6666660947,67,2.60869550611,10.1664564211,8.27787568295,1.10817966094,0.949867152224,3.5714284538,0.474933473465,6.05726092226,3.79947144412,0.0330003893166,0.753858521876,65,0.202296378895,4.86830762261,4.58308536772,0.230362155287,4.96042229221,6.00000039423,14.1392245423,1.0642030528,17.3584902496,6.61681621635,2.08810874319,5.46162004916,1.32298290361,0.00769176128134,12.7171603291,69,1.29887710395,1.20065842626,65,1.89973558372,69,15.6006235792,10.0000001868,3.87096679713,3.5013069038,6.49999987973,1.81530904437,2.41509497743,1.8421062582,5.21739114361,2.70404604985,0.174122392417,2.35051662076,6.82717700233,1.12715733087,0,0.600000730203,3.33333372833
60511,01,0.404814918262,9.41967168584,67,4.39065236731,10.1779360984,2.49452977257,2.15536189368,0.464147766317,9.16666762034,2.36323784095,15.8252419238,7.68923018923,3.55534932081,10.8343980641,1.71002018036,9.03225905348,5.3181544625,1.00643205191,0.189758528606,18.8311795288,5.38761737063,0.000000676950584477,68,0.772570499127,1.89551456609,2.28118198489,7.81483939068,9.46389530838,67,65,1.62472730054,1.35667388249,7.05606076053,9.24507758369,13.2464738071,0.203045508863,0,0.10635954232,9.92185775571,8.02516446526,13.0142226087,2.03883581973,13.2131978366,10.9663754553,0.616923621937,73,10.3809188457,8.49562269545,0.23916098267,6.16345048351,71,16.2196523057,0.62643902179,1.0175052575,4.04814027201,6.43258360071,13.7345018334,1.84536854486,16.2901592901,2,0.535461290136,8.72935178045,17.9613603099,65,10.1422312015,19.494382558,9.99999906304,14.4368845757,70,2,2.2249183206,66,68,3.32594561211,8.70350187749,10.1612911766,73,2.59259350881,5.71874152945,3.18659459055,1.0339163009,1.83807492513,2.57742271753,1.16520809925,13.7068635126,1.63019641654,0.866466367126,1.00404334174,67,0.749628313186,6.31791065802,3.04184077951,0.799014417826,7.67505450906,9.340100985,6.61145354902,1.55452222908,13.5674148959,8.57560613627,3.1028899446,4.36372721049,2.57598345821,0.399379821879,15.0449714278,68,2.95730761111,7.00505832571,65,2.00218743274,65,13.8379986999,9.83871017137,2.12716825271,13.5559497144,9.59390812595,3.41330330322,0.407302748161,1.21699922474,6.57407466463,2.69458513686,0.381630497134,1.24210645828,2.14373586275,2.67104233607,0,1.25888314831,0.645161821642
179988,10,2.28395016155,4.75831122196,67,3.88910806676,7.09639558577,2.8395061176,2.68518498307,3.7345148707,6.09090989246,1.83807424272,15.8324598773,7.1831771405,3.76244146682,12.5120396811,1.53609842821,0.919539495067,2.69216604401,0.540673943326,0.211704641133,17.4045106343,7.42887627596,0.000000228047265322,69,3.84136921135,2.48971276509,2.44855990676,4.15437305147,8.93004067513,67,65,1.03395095743,1.79012434927,6.7693943738,9.21810759366,15.1805748432,0.919540159298,0,0.141414911452,9.84661089939,7.77777741656,13.8168729499,2.76439721766,9.33361295915,9.7231039546,4.37651536825,73,13.9108319779,8.86831289749,0.57369309433,7.07368413549,76,15.7834105874,2.46751928244,0.555556395667,4.4650200672,15.2156870868,11.6958568486,2.26337402373,13.8487625902,1,4.32369940519,4.81230822252,15.6660217657,65,9.82510208662,19.6601313418,4.13793195461,11.1936058914,70,1,1.4616056552,66,68,1.60871220239,7.76749044852,16.3218381375,67,0.363636069778,9.8681841987,2.61293030304,2.19135739122,0.246913282536,3.53369671222,0.987655239556,7.64609956965,2.32510217787,4.30222553504,1.07408399601,67,0.544404904783,4.80441349158,4.22784184715,0.600176321361,7.04732593973,9.1954017986,7.15293901437,2.16906755437,4.78431400519,6.24059693624,3.45108316237,5.50574909671,2.46712865524,1.93577457116,10.183127972,68,1.56436406267,2.64334100508,65,4.19752999486,78,14.0228922047,15.6321839699,2.7649760876,7.40600001599,10.1149434272,2.30133145765,0.235294514778,2.47099775318,5.8181809533,4.27582052202,1.05951739594,1.96713933587,1.65894981718,1.31705948694,0,1.33333233779,2.7586204008
92068,01,1.16965221922,7.34655722132,67,3.72713475343,10.2689980048,2.23392993734,2.33087388932,0.18820104525,8.83116918482,1.02844558588,16.0051545524,6.52735096196,3.89767024092,10.7506503301,1.902218612,6.24535335745,3.01038987159,1.34143836369,0.223271402423,18.3018783283,6.19898992206,0.000000267442884894,69,0.166858932599,1.49139354845,2.05690299301,10.1432541211,8.67860958092,67,65,1.71970499073,2.26764994257,7.75997921649,9.04531089758,12.8613911127,0.542496078178,0,0.113997609154,7.46545071628,7.85247656664,13.4668063968,1.65807595502,11.7323106519,10.0922211578,0.109434682585,71,12.9642822979,8.53951454077,0.743892003788,5.57090342363,71,16.4448762976,0.232788495397,1.45416262502,4.26975819485,1.9178089936,11.9320386035,1.37548317847,15.3136514642,2,0.154943879312,5.39191302987,16.5308298545,65,9.81243392831,18.5036879189,8.55018606814,13.3848117993,66,2,2.43413465825,66,66,1.79769562943,8.016859143,12.6394056628,77,2.72727190516,5.59518878431,11.1967311004,2.14963097521,2.12434209122,2.77037007968,1.18861965108,9.44869651497,1.399367525,0.0514824792345,1.10147909122,67,0.621019578884,5.32936343377,3.87049169348,0.704815021199,7.13593175082,6.43761312798,7.06308564261,1.57639716394,18.0084295538,7.84549166841,2.79899383622,5.38382677494,2.8301537068,0.119448968364,11.426882652,68,2.18004303886,1.54605272308,65,3.89462604564,73,15.7440130874,11.4498132723,1.72899476356,6.2635301863,6.98010823846,1.94044200501,1.39093809158,2.51727600083,6.10389587488,2.98197587674,0.00674568532572,1.6530644574,2.39462625226,1.92591923392,0,1.94575009557,1.1152419314
89550,10,-1,-1,67,-1,-1,-1,-1,-1,-1,1.02844686965,-1,6.42545171538,-1,12.5120394845,-1,-1,-1,-1,-1,-1,7.78918212365,-1,67,-1,-1,-1,-1,-1,67,65,-1,-1,4.60542633945,-1,-1,-1,0,-1,12.4535129467,-1,-1,-1,-1,-1,-1,67,-1,-1,1.02707027283,-1,67,-1,-1,-1,-1,-1,-1,-1,-1,1,-1,-1,-1,65,-1,-1,-1,-1,66,2,-1,66,66,-1,-1,-1,69,-1,-1,-1,-1,-1,-1,-1,-1,-1,-1,-1,65,-1,-1,-1,-1,-1,-1,-1,-1,-1,-1,-1,-1,-1,-1,-1,69,-1,-1,66,-1,84,12.0149299869,-1,-1,-1,-1,-1,-1,-1,-1,-1,-1,-1,-1,-1,1,-1,-1
158915,10,2.67545713708,12.3197254618,67,3.75808833059,12.844652827,2.16078351081,2.56911957711,0.100379594206,11.1214945927,5.22975928687,15.7155885786,8.98552037141,3.06665172241,14.7756792519,1.86125180721,5.53571435215,3.17867115054,0.802883291405,0.17871984362,17.8453566393,8.26902157468,-0.000000118932238635,68,0.0986557287588,1.80915966418,3.09655427729,5.02458873056,8.37941285323,-1,66,1.51850203246,1.90557145615,6.86261021121,8.67715834229,10.9220701749,1.12582789079,0,0.0761846111211,13.1126546003,7.33304905235,12.5563593958,2.11485878559,10.9989599246,8.47500715391,0.100088475982,67,12.4489845561,8.16673772425,2.48697751364,5.23190280685,70,16.2030455607,0.0793070339675,1.30157372027,4.09187652424,4.98239380114,9.82237457278,1.54402384172,16.3855613265,1,0.132966352066,5.71298926128,16.4382411636,65,9.33219972284,18.6267604305,9.10714301203,6.0173280222,70,2,2.25995040861,66,68,1.89298477623,7.97958359288,11.4285720159,66,2.89719552004,5.53084332133,15.499123644,1.63334662633,1.58230542329,3.36605806128,1.12292607068,5.14965404594,0.969800985415,0.072998316751,0.88121418313,66,0.532058498869,5.16672442312,3.41483587816,0.595130720593,6.78860063778,6.55629195798,8.35158612623,1.09173424681,14.9999997621,7.78695311514,1.78024819009,4.50965546383,1.98438834425,0.0378336527524,12.1782248911,66,1.7430414083,0.000000872478988815,66,3.11356828982,84,12.0715334657,10.8928565638,2.01015213486,-0.000000232935113431,7.68211901386,1.00688993991,1.28521084775,2.00000029482,8.22429946475,2.6503196504,0.0027979947468,1.5618984069,3.86006046313,1.78338891691,1,1.48344322679,3.03571435532
185762,10,1.55462138646,2.82713804357,67,2.11241978445,8.86660277625,1.0084034022,1.9207686761,17.2977788222,6.3035012457,1.29102784184,13.2843144837,6.31470617467,4.41535437424,11.9678263973,3.67274503771,5.82278470892,1.4886395406,0.740687922453,0.443249075879,10.5904602601,7.12151842871,19.8095597774,67,19.6255832591,1.23249202513,2.23289247605,3.55997391656,3.94957924136,67,65,1.45858351178,1.89675897333,4.65129502317,5.42617017539,14.7790593535,0.875000556338,0,0.970345234254,12.6452503624,3.25330081231,10.876349986,2.74509870952,7.03593073612,15.2931206987,20.0000009944,67,16.3157991082,5.8703489857,1.87073638505,13.2019838792,76,13.4954404161,14.3814437151,1.8007199331,2.95318064383,17.6335877598,6.29982202365,1.07843215729,10.7899178506,1,20.0000007707,2.80445118003,8.47547193171,66,4.89795921859,10.3244271207,12.6582282226,10.8020099839,70,1,4.13603031544,66,68,0.868557313675,3.72148956415,12.6582272124,69,1.78988257877,7.59682240759,3.43271962616,1.80071962093,1.65666342953,6.68316793386,1.0444176518,10.1317343507,0.456183387387,20.0000009069,1.23706128068,67,0.299833968698,1.71207634694,6.3319512948,0.389478110869,2.66506602142,6.12499938442,8.30741192338,0.110044594077,2.36641188853,2.9692541634,4.26293213121,10.7276610818,3.36297459285,11.8093769292,6.84032003277,68,2.12723325928,4.22907714713,66,2.08883540204,71,12.2222417745,7.34177216864,2.9787235118,9.98695317674,7.00000021215,12.1622497179,8.77862596574,3.06748412969,4.51361811731,14.6979580955,5.01976956545,1.87804595639,2.99369663379,1.89749735055,0,1.97500080641,1.77215113592
226362,10,1.53288373128,12.6098620442,67,4.21980084602,8.4936115708,2.5893327615,3.74935278881,0.0762661930032,7.65957520223,1.31290968087,15.5081293316,6.43953692272,3.04104000664,10.7607957723,1.30926039105,3.94736866373,4.16826355974,0.554103000837,0.145950116715,18.9236626867,5.97146650823,-0.000000858192956027,66,0.153376837791,2.81028768002,2.95183779472,4.12657593996,9.39409583916,71,65,1.11859230978,1.57431315268,4.87113257036,8.28586139559,10.8387862015,0.441988147471,0,0.165587303958,12.3196581437,7.90264140304,14.0341795014,3.00813053542,14.2319699929,10.0156164594,0.117269987945,73,11.316109912,8.32729087626,1.56848336308,6.03434866881,70,15.65600902,0.0373147191454,1.24287966275,5.20973521924,3.29081576717,12.4892719902,2.65838146955,16.6886292577,1,0.140746851576,7.16292478041,17.5322994985,66,10.1916115484,19.2602042735,10.5263163914,14.6010888493,67,1,1.52439084733,66,66,2.54639801984,8.67944034305,13.9473676724,67,1.59574518616,6.87089038041,8.72737927467,1.64681452796,0.932159140026,1.45937049702,0.885551992721,12.815629279,1.47074139917,0.145631720395,1.04584520877,65,0.386391850596,6.13966051727,4.06981793938,0.421438797952,7.3537029396,7.7348074578,8.18850434363,1.55705248535,16.6326530149,6.42709200237,3.05185242782,5.01990741936,2.12246651316,0.0577712038796,13.8184697744,69,2.47761747433,5.24671152087,65,2.23718182686,82,12.3824156646,9.47368443586,3.08710131886,7.58492018912,8.17679534801,2.59976563032,0.612243937588,1.977612279,6.06383012551,2.04533660011,0.0611933300578,2.00288655319,1.26229844257,2.35602179104,0,0.839778078023,2.10526370361
79109,10,-1,-1,67,-1,-1,-1,-1,-1,-1,3.91684963254,-1,7.1311744535,-1,13.254614457,-1,-1,-1,-1,-1,-1,7.20872511528,-1,67,-1,-1,-1,-1,-1,67,66,-1,-1,6.43787983505,-1,-1,-1,0,-1,12.4629186526,-1,-1,-1,-1,-1,-1,67,-1,-1,4.9607503102,-1,70,-1,-1,-1,-1,-1,-1,-1,-1,0,-1,-1,-1,65,-1,-1,-1,-1,66,1,-1,66,66,-1,-1,-1,66,-1,-1,-1,-1,-1,-1,-1,-1,-1,-1,-1,71,-1,-1,-1,-1,-1,-1,-1,-1,-1,-1,-1,-1,-1,-1,-1,67,-1,-1,66,-1,82,13.671333743,-1,-1,-1,-1,-1,-1,-1,-1,-1,-1,-1,-1,-1,1,-1,-1
8375,10,-1,-1,67,-1,-1,-1,-1,-1,-1,4.42013227384,-1,8.36242800004,-1,15.356244138,-1,-1,-1,-1,-1,-1,9.1711421366,-1,68,-1,-1,-1,-1,-1,-1,66,-1,-1,4.80754687676,-1,-1,-1,0,-1,15.5473550254,-1,-1,-1,-1,-1,-1,67,-1,-1,2.56620939916,-1,65,-1,-1,-1,-1,-1,-1,-1,-1,0,-1,-1,-1,65,-1,-1,-1,-1,66,4,-1,66,66,-1,-1,-1,66,-1,-1,-1,-1,-1,-1,-1,-1,-1,-1,-1,66,-1,-1,-1,-1,-1,-1,-1,-1,-1,-1,-1,-1,-1,-1,-1,66,-1,-1,66,-1,70,9.5515861223,-1,-1,-1,-1,-1,-1,-1,-1,-1,-1,-1,-1,-1,4,-1,-1
148018,01,2.55025848897,2.74943633911,67,1.89712921312,10.2729659082,2.34348118359,1.90695067293,2.22189611628,8.61111021341,1.29102880809,15.5584410179,6.86062749891,3.70900801639,12.061445854,2.38279258335,3.06451584828,1.37570556769,0.527246125056,0.241067765601,17.7915248561,7.15971888474,-0.000000825026687593,69,3.91838327808,1.64273307695,2.89488890574,3.72033379649,7.43251051288,-1,65,1.60252781462,2.84893768688,7.43749673604,9.28202202957,11.0095936403,1.44578216078,0,0.1740214185,8.23963500129,6.88110189625,12.0735203486,2.02597334089,8.31460045074,10.2412215249,3.21052164231,67,16.0866935457,7.68523924951,0.353605014824,8.93094079714,68,15.6723334689,3.73057932889,2.27455469403,2.8948886067,18.5254695071,8.6530993755,1.39000578763,11.8058865553,3,3.45918778851,2.63412973696,14.8889565982,65,8.84549127924,19.1152810071,10.6451608055,13.9995634634,70,3,2.51623288239,66,68,0.795691186723,7.3980461565,14.8387097146,69,1.75925850178,4.61549730031,3.6848050673,3.17059126161,1.30959182957,5.7985251462,1.27512899672,14.995032514,0.459506740952,3.70112985674,0.881521599859,70,0.654594024991,4.16293116351,3.41893415774,0.786279802342,5.82423960484,7.95180676637,6.16017599565,0.968792621724,1.39410181112,3.30726182379,-1,4.8717748004,2.70470818448,2.59575342846,6.84602439201,65,3.66428481659,12.3598742844,66,3.99770281271,70,15.104279035,9.35483817916,2.0401846542,14.7355069121,9.39759132282,19.7211030747,0.723860018022,4.12556072376,6.85185203393,8.5521812171,3.01380096412,1.41025643665,3.40321620495,3.67977004391,0,2.98795128091,1.93548410918
197861,10,2.2023814429,7.01777289715,67,5.20634990243,5.05043752001,2.14285806442,2.61904692704,0.00839696265035,15.9999993891,1.83807468804,16.6197189146,6.62775179789,2.11464561658,12.7157731424,2.20959538276,4.00000066081,3.73067523771,0.0862249787728,0.155356104362,18.6598916086,7.61256510226,-0.000000849441360011,68,0.064817183469,0.873016727986,3.57142757837,0.357066443142,7.85714278382,68,65,1.42857051729,1.19047616607,4.87867569024,6.42857138216,12.8256985376,0.909090755522,0,4.96578264151,12.8362631797,7.02380888636,11.1904757132,1.12676028936,10.5237036994,7.24936861997,0.119847858258,73,12.010933803,7.49999933694,2.11723221037,9.26815730559,75,16.9696966076,0.0535184304362,1.07142853323,4.40476205599,0.163935223436,8.64633472736,0.654761367054,16.2141518397,1,0.100630841082,6.44516374626,17.6548089582,66,8.45238097743,12.9508192519,12.0000004599,7.015933495,70,1,2.34741716633,66,68,2.27325014814,5.71428567275,12.0000008486,67,1.99999919384,10.4769896227,8.11441901948,1.07142770078,0.714285121437,-0.0000000598641839363,1.25000075785,5.60841693748,4.28571453325,0.0626424422203,0.823840527216,67,0.481659643541,3.96616398528,3.02611425692,0.518151010216,6.66666624806,2.72727182777,9.68025537033,0.436506955779,19.8360663341,6.71315062198,1.32514716767,3.60619115503,1.29764524699,0.00299543850752,12.7559607061,68,1.35464948374,1.05263199799,65,1.42857051014,77,12.1585035174,7.99999906923,0.90909110289,3.22508495509,3.63636316552,0.000000936068630363,2.45901655468,1.4285716357,14.0000000089,1.04351217378,-0.000000352024742415,1.55199553849,7.1428566448,1.05066625455,0,0.909090058211,3.99999983438
15461,10,1.6920729348,6.9032386706,67,4.97620216221,7.4108936646,2.28658565056,2.40853647318,0.0588567716361,7.48201513745,1.05032844352,16.7487693874,6.1015088213,3.26526153413,11.9678249934,1.64675175439,2.50000012762,3.8002381187,0.406389212313,0.227134932069,18.0130434522,7.3137357714,-0.000000165340011759,68,0.135604121932,1.28556925852,2.68292591453,2.80307972408,8.29268198729,-1,65,1.18902419521,1.95121901205,7.69428642349,9.32926829319,11.6835212493,0.759493794369,0,2.25773366782,7.59134600817,7.7743906819,13.1249994005,1.51067236223,10.7399154261,9.80255962707,0.138310872006,73,11.8687185397,8.58231771006,1.97197619694,7.38305681961,73,16.9485294119,0.102331923404,1.37195166903,4.29878059526,1.8086960888,12.4218032113,1.11788618257,16.2700827298,1,0.164992846285,6.60225895277,16.1760478775,67,9.28353677817,17.3913047337,9.37500005335,13.2451753751,66,1,1.77887339582,66,66,2.30469852699,6.69207353023,15.625000283,67,1.15107956351,8.05986925118,8.87915902771,2.28658518445,0.731707485355,2.68096567752,0.983232305566,9.70703808715,3.35365838899,0.0521384937996,1.01459903017,65,0.567016732772,5.08649372209,4.06864591464,0.637305857961,7.02743851203,5.06329023777,7.63795643649,1.28556827048,18.1217391724,8.07630661032,3.14554913359,5.46425855218,2.30965171307,0.0333956510578,13.0103045723,69,2.1392664549,3.10855202633,65,3.20122049375,68,16.0467683073,10.9375004059,1.47058829701,5.84546549773,5.82278483901,1.30879744306,0.521738788653,2.66429865741,6.18704944867,2.8150320919,0.0153822766895,1.82170243826,2.2580031662,1.79606678232,0,1.62025411961,1.8750005356
121455,10,-1,-1,67,-1,-1,-1,-1,-1,-1,1.05032727158,-1,6.25514811647,-1,11.9774949391,-1,-1,-1,-1,-1,-1,7.33140861162,-1,69,-1,-1,-1,-1,-1,67,65,-1,-1,5.96006023562,-1,-1,-1,0,-1,10.3335499584,-1,-1,-1,-1,-1,-1,73,-1,-1,1.54500780466,-1,70,-1,-1,-1,-1,-1,-1,-1,-1,1,-1,-1,-1,65,-1,-1,-1,-1,70,1,-1,66,68,-1,-1,-1,67,-1,-1,-1,-1,-1,-1,-1,-1,-1,-1,-1,67,-1,-1,-1,-1,-1,-1,-1,-1,-1,-1,-1,-1,-1,-1,-1,68,-1,-1,65,-1,73,14.0168207285,-1,-1,-1,-1,-1,-1,-1,-1,-1,-1,-1,-1,-1,0,-1,-1
208747,10,-1,-1,67,-1,-1,-1,-1,-1,-1,5.2297588671,-1,9.10061914918,-1,14.947398555,-1,-1,-1,-1,-1,-1,8.71690188975,-1,67,-1,-1,-1,-1,-1,-1,66,-1,-1,5.52876681687,-1,-1,-1,0,-1,15.221763077,-1,-1,-1,-1,-1,-1,67,-1,-1,2.16711907252,-1,67,-1,-1,-1,-1,-1,-1,-1,-1,1,-1,-1,-1,65,-1,-1,-1,-1,66,2,-1,66,66,-1,-1,-1,79,-1,-1,-1,-1,-1,-1,-1,-1,-1,-1,-1,67,-1,-1,-1,-1,-1,-1,-1,-1,-1,-1,-1,-1,-1,-1,-1,68,-1,-1,66,-1,72,9.70467074641,-1,-1,-1,-1,-1,-1,-1,-1,-1,-1,-1,-1,-1,1,-1,-1
76170,01,0.000000560130401824,10.291112206,67,4.37543957444,7.75386676112,2.84931472932,3.1780816061,0.0168702030356,9.9999992121,6.54266968676,16.0946750766,10.5500123924,2.4619173341,14.980908701,1.40592981261,5.71428505201,5.04423656878,0.122270351972,0.166962663025,17.6548095168,7.87892702807,-0.000000878689110444,66,0.228425521578,2.10958866898,3.99999900235,0.778276240518,8.93150727193,67,66,1.06849397989,0.767122557593,6.90251633842,9.20547917466,11.445568396,-0.000000337532038833,0,0.875470309227,14.3708855936,7.45205466759,12.9863019247,2.48520766446,11.5030620514,9.47621487592,0.125951432541,67,10.3197107623,8.3835610516,0.818721486222,7.17634682722,72,16.0736195505,0.107619015501,0.493150153358,4.10958937338,1.1560694968,11.962800702,2.10958868322,17.0739154478,0,0.117815976199,8.38080564055,16.9650475554,65,9.26027475426,17.4566467239,8.57142841739,12.2637732023,70,2,1.60256506027,66,68,3.13609044464,6.90410859606,11.4285708554,79,1.53846072177,7.69618084365,8.87332105703,0.657533263221,0.657535105051,0.707965232224,0.904109297932,10.0255917669,4.16438301457,0.160975538266,0.903711259366,69,0.445120885706,5.10682357599,3.94638457189,0.458593344482,7.17808249123,7.2413801748,9.05659740349,0.703195468929,18.8439298016,7.27611246063,1.98102729411,5.94774428956,1.55290819024,0.00989488799446,15.0108896664,70,1.96230740026,3.65131618549,66,0.986301025385,71,9.92160420142,8.57142834356,2.57668637265,6.34565173656,7.24137891126,0.00000017894112222,1.7341046423,0.784313692462,8.46153876394,0.846737441991,0.0623203649656,1.48821557792,1.95205534285,1.94862942741,2,0.482757631083,0.000000915807960998
116776,10,1.5370914956,6.30868785452,67,3.11474653099,7.80766661172,2.12858640149,2.04945669211,0.202376245556,8.46607668722,1.8161918808,15.9750666037,6.82392584343,4.04311156415,11.5715894543,2.24073098984,4.82353007567,2.33946876343,1.42059588151,0.288668202028,16.9244500927,6.36318929374,0.000000735441295778,67,0.131873314743,1.19683385505,2.34223506641,10.8060730256,7.54104793021,71,65,1.70326369176,2.69040648906,5.19237617407,8.18199781503,13.2302205835,0.810811767559,0,0.0430574780628,12.3182121413,7.0979236978,13.0405543434,1.4692790645,9.45715707216,10.3406529533,0.101712607124,67,14.6316689081,8.30860490497,1.52740066404,7.1199759999,74,16.3378811741,0.148676258914,1.83976356404,4.26904153123,3.63184130322,9.91669981201,1.04451032544,12.7786049208,1,0.125273025002,4.16883589389,14.5424059101,65,8.88625160027,18.955224792,9.11764611655,12.5437460406,70,1,2.66213973034,66,68,1.40581368206,6.9475772906,13.9411769449,69,2.41887955384,6.98559288305,12.5685922264,2.81305675194,1.94658663092,3.27397290213,1.2166168733,6.87183482005,1.22650794447,0.0553509233361,1.04722287016,65,0.612581449736,4.14514211805,4.3999881627,0.728780017513,6.16023707101,5.55984600938,7.36464701337,0.826905010376,16.338309381,5.56459027904,2.31615157339,6.72156878286,2.92397681866,0.0947241007109,9.02568688383,69,1.59358558261,1.38157951731,66,4.39169046916,73,12.3654701295,10.8823532322,1.51101780716,3.38185864005,6.37065638755,6.21631427591,1.00497535581,3.38571519584,6.04719837878,4.61151906916,0.0100723587264,1.62046080194,2.21810137812,1.38491323206,0,2.62548219458,1.23529483243
9834,10,-1,-1,67,-1,-1,-1,-1,-1,-1,1.05032824264,-1,6.51121449172,-1,10.4789421277,-1,-1,-1,-1,-1,-1,5.9008910636,-1,69,-1,-1,-1,-1,-1,-1,65,-1,-1,6.37325587665,-1,-1,-1,0,-1,9.68019700741,-1,-1,-1,-1,-1,-1,74,-1,-1,0.833395000579,-1,67,-1,-1,-1,-1,-1,-1,-1,-1,1,-1,-1,-1,65,-1,-1,-1,-1,70,1,-1,66,68,-1,-1,-1,72,-1,-1,-1,-1,-1,-1,-1,-1,-1,-1,-1,65,-1,-1,-1,-1,-1,-1,-1,-1,-1,-1,-1,-1,-1,-1,-1,69,-1,-1,65,-1,65,14.2449420997,-1,-1,-1,-1,-1,-1,-1,-1,-1,-1,-1,-1,-1,0,-1,-1
173100,10,-1,-1,67,-1,-1,-1,-1,-1,-1,1.29102877541,-1,6.0818702016,-1,11.2729729577,-1,-1,-1,-1,-1,-1,6.39349274585,-1,69,-1,-1,-1,-1,-1,-1,65,-1,-1,6.70628490414,-1,-1,-1,0,-1,9.39584615441,-1,-1,-1,-1,-1,-1,67,-1,-1,2.51778940357,-1,76,-1,-1,-1,-1,-1,-1,-1,-1,1,-1,-1,-1,65,-1,-1,-1,-1,66,1,-1,66,66,-1,-1,-1,66,-1,-1,-1,-1,-1,-1,-1,-1,-1,-1,-1,65,-1,-1,-1,-1,-1,-1,-1,-1,-1,-1,-1,-1,-1,-1,-1,69,-1,-1,66,-1,66,15.0432505941,-1,-1,-1,-1,-1,-1,-1,-1,-1,-1,-1,-1,-1,0,-1,-1
3977,10,1.32314772178,9.39275069539,67,4.25024149861,10.1494246683,2.5747718219,2.73732093753,0.211312088143,7.13864327218,3.15098567192,15.6446541091,8.11674167132,2.7854505464,12.5120391702,1.77083330041,5.27777806881,4.58731631042,0.904656875045,0.181987553358,18.8944109182,6.78721970053,-0.000000721103566849,68,0.582799249293,1.85955789611,4.09622793971,6.5747280006,7.8023402792,69,65,1.18010324264,0.936280484439,8.73525292507,7.33420029733,13.1802053973,0.522565641471,0,0.135228388059,8.05947549383,6.46944056335,11.7685296882,2.45283083851,14.3908719828,8.66304172776,0.499743107444,70,10.5799702177,6.82704799273,0.658793323101,6.3332340129,69,15.8833339684,0.374132479423,0.643693720695,3.9531860977,1.03125076251,10.3638543158,1.72843432481,17.5451076733,1,0.475698513686,7.84736586374,18.0501412155,65,8.27048171604,19.1718758823,9.16666682844,11.8494832792,70,1,1.98178641069,66,68,2.80226660219,7.39922031598,11.6666667209,75,1.12094318094,5.73820149026,3.32142498784,0.81924581932,0.741221649325,1.9415441923,0.994798470031,14.0961842384,0.884264437468,0.380889806512,1.00867919062,65,0.452829068114,6.01368722189,3.70492254665,0.479034864429,6.19635972734,6.88836144703,10.2847018276,1.0966622339,18.9218747758,8.45191723811,2.48966976963,4.95675386569,2.40258471671,0.181598354038,14.8136003049,69,2.63977491592,7.11135558446,65,1.5214562745,79,15.327792197,10.8333342577,2.41666584406,13.3598987361,7.41092550812,1.00815842832,0.703124278745,1.20000052172,6.01769948766,1.16418740867,0.0666121363724,1.66703230909,3.86459710569,2.70406182408,0,0.684084745544,3.05555487123
119585,10,-1,-1,67,-1,-1,-1,-1,-1,-1,1.29102938809,-1,6.06919823381,-1,12.7628391252,-1,-1,-1,-1,-1,-1,7.85527243511,-1,69,-1,-1,-1,-1,-1,-1,65,-1,-1,7.45442618168,-1,-1,-1,0,-1,8.21286438393,-1,-1,-1,-1,-1,-1,67,-1,-1,2.55300444712,-1,72,-1,-1,-1,-1,-1,-1,-1,-1,1,-1,-1,-1,67,-1,-1,-1,-1,70,1,-1,66,68,-1,-1,-1,66,-1,-1,-1,-1,-1,-1,-1,-1,-1,-1,-1,66,-1,-1,-1,-1,-1,-1,-1,-1,-1,-1,-1,-1,-1,-1,-1,66,-1,-1,66,-1,70,15.8363212483,-1,-1,-1,-1,-1,-1,-1,-1,-1,-1,-1,-1,-1,0,-1,-1
96510,01,3.35255445389,3.00785317975,67,3.58629081372,8.86660333079,3.14662201718,2.14167977365,17.2977782543,8.29971095015,0.634574025642,14.8816025774,6.19955221075,4.56168369545,10.7607971729,1.96323000755,6.02040778017,2.18990856159,1.43119712613,0.264005861713,16.6342168028,6.6870591055,5.14177905944,69,19.6255820916,2.06891742142,2.80065964292,5.18922377051,7.42998369092,-1,65,1.77924164022,3.22899431729,4.70752941714,8.20428240168,14.7790608736,1.6923083203,0,3.11994642891,11.8956668598,6.72981846232,13.0148273674,2.49544543577,7.46837793978,7.82501780067,19.9999990048,73,15.0198364024,8.00659063664,0.851001195135,8.67252050378,72,15.5654099778,14.3814438365,2.71828648665,3.33607809007,19.7037040944,8.69143993481,1.73668328137,11.5281932814,2,19.9999996385,3.82919853866,14.1370215878,65,9.04448138635,12.0592583548,11.2244906626,10.8020116059,70,2,2.73224112513,66,68,1.32926380054,6.54859962351,11.6326529148,67,3.40057698106,7.59682242709,3.43272060132,2.81713360242,2.91598116963,4.39024470606,1.05024623151,10.1317332935,2.30642528985,20.0000007639,0.715544027389,71,0.572064672454,3.6898939785,4.2051522929,0.707344257177,5.78253762171,8.8461531342,8.30741157676,0.830586702988,0.138271345836,4.89671541145,4.26293326463,6.30043674999,3.11563270357,11.8093768188,8.04588877279,67,2.12723193628,4.22907741855,65,4.25041094099,74,12.4453783501,8.77551108779,2.54988960604,9.98695240542,10.538462,0.547687808754,5.05678993177,3.51851771208,4.89913552005,4.97389525386,5.01976949357,1.59290428531,4.09287412399,1.89749710887,0,3.01538430815,2.24489735224
216686,10,-1,-1,67,-1,-1,-1,-1,-1,-1,3.91684931173,-1,8.50970720124,-1,14.0010976098,-1,-1,-1,-1,-1,-1,7.93986066925,-1,69,-1,-1,-1,-1,-1,68,66,-1,-1,7.93324917285,-1,-1,-1,0,-1,10.0984001763,-1,-1,-1,-1,-1,-1,67,-1,-1,1.12977779105,-1,74,-1,-1,-1,-1,-1,-1,-1,-1,0,-1,-1,-1,65,-1,-1,-1,-1,70,1,-1,66,68,-1,-1,-1,66,-1,-1,-1,-1,-1,-1,-1,-1,-1,-1,-1,67,-1,-1,-1,-1,-1,-1,-1,-1,-1,-1,-1,-1,-1,-1,-1,68,-1,-1,66,-1,82,14.039981282,-1,-1,-1,-1,-1,-1,-1,-1,-1,-1,-1,-1,-1,1,-1,-1
14162,01,2.90440103217,9.68398122628,67,5.92469134853,8.38842946154,2.3437060992,2.85393907594,3.89120784538,7.50572080459,0.52516388962,15.1020405639,6.25383482386,3.45658128333,11.1858213983,1.66082109361,5.30612238831,6.57632735153,1.06438518227,0.19193136249,17.6789859147,7.37964749904,0.000000500439145308,65,4.74560747348,2.62124940524,2.84272432881,7.62454570329,8.79170197401,67,65,1.37931119535,1.64844388596,8.5190806815,7.99551384292,15.627440487,1.10019676119,0,0.043100716779,5.75862778004,7.26100318422,13.4622932367,2.97376061669,14.1239864203,8.54949946315,4.04632088524,73,9.43863828653,8.15811533572,0.476853539171,5.80849627937,69,15.4974486479,4.00235986529,1.04289345601,4.77151685391,6.67994752846,12.328239471,2.34370635184,16.2058462946,1,4.75623068765,10.2303490952,16.5184792505,65,9.61592320368,18.6586994029,8.43537484119,14.0775738273,70,1,1.99222570925,66,68,4.24135304291,7.63106153015,10.8843530748,67,1.78489695266,8.42599029723,3.62187477034,1.3456683865,1.31202594002,2.03834451818,1.05130366641,9.45822879396,2.33249192464,4.86880406319,0.96129964051,67,0.497178868551,7.12602834808,4.07384351939,0.545145246703,6.81244764433,8.95874358344,4.34430263585,1.44939727543,12.6294817611,8.70695606052,5.89377643975,5.06706674894,2.67081471459,2.21411194376,16.0084288831,68,1.99792824786,2.46574562439,65,2.82590442663,70,16.7052719403,11.4285715253,2.90816390093,8.33151983606,10.0196457986,0.105377519912,1.30146046998,1.64948357539,5.72082469438,1.8601274513,2.59374501691,1.9979714551,2.9436496717,1.46781224181,0,1.1552066552,3.80952328267
225418,10,0.985539514772,8.21302934125,67,5.16085989593,8.94220469968,2.08523541718,2.01674181485,1.11996107695,7.24014273768,2.51641173557,16.352584105,7.23045296034,3.96801302826,11.9766853234,1.23469617595,5.04201626068,5.71209921962,0.819845541969,0.209045744014,18.4547189338,6.28271437946,-0.000000990603218716,67,1.72857685223,1.93937163469,2.52663708399,5.61684797076,9.11719965105,67,66,1.1529686649,1.81126390214,9.2263866654,9.55859900364,14.9085392348,0.528302627986,0,0.000000273014076131,6.64423678258,8.1887362116,12.9756470464,2.1124611954,13.7434102031,8.91639138364,1.32490282008,67,10.0815805578,8.83561601199,1.82671905184,6.43079459251,67,16.6110180723,1.15541882261,1.48401835863,3.40943641807,15.9655171062,11.1804358485,1.84170445556,16.1076070414,0,1.63059332126,9.18824500872,16.9821578375,67,10.0152211415,19.3965525064,10.9243692372,14.2813069137,70,2,1.59891026697,66,68,3.62089665565,8.77473362071,13.6134450721,79,2.1505386028,7.58022687803,3.50267154717,1.84931508516,1.3698621831,2.06711352761,0.810501313661,11.2279302433,0.761034180034,1.74047167671,0.943648068448,65,0.774653948861,6.86718346835,3.1355060874,0.848498056919,7.57229850419,9.96226339451,5.45443457758,1.36732614145,3.96551771171,7.39650251758,2.54654005049,4.51460080894,2.31443123795,0.73333463686,15.3339238972,69,2.10402594782,3.91829393857,66,2.42009140185,68,16.5765175981,8.90756355745,2.2036732714,9.91628581414,10.4905658235,1.33286553648,0.620690267109,2.09302313142,5.08960478499,1.76194550333,1.0686958534,1.26498262901,3.4246569418,1.85151851667,2,1.79622733186,1.17647006584
33814,01,0.830062352889,3.1185714986,67,2.50437340654,9.03770315205,1.70499148958,2.41166508693,0.474084167198,10.705882104,1.31291080819,13.1654672003,6.67342920923,5.27423168772,12.1486045569,4.06293186459,7.63636283916,1.29348047779,0.475651303256,0.251037317455,16.5035988836,7.23016156058,-0.000000431442667862,69,0.911873242656,2.09758747453,2.40044817312,3.81013512063,8.10992751311,-1,65,3.06225438619,2.46775119887,5.32276486326,6.6404933273,14.7690761293,0.372093169609,0,0.032148960256,11.6055270944,6.1581610541,13.6062811618,2.44604232887,6.96976739419,9.97265820539,0.704535114968,73,16.7929468636,7.38081910462,0.918494864006,10.1958645002,75,13.4163210592,0.72777650007,2.12002153465,4.11665763368,19.9999990893,9.73356031508,2.01532998337,10.2510498397,1,0.761896678053,2.43325052408,14.450665318,65,9.35501895839,19.1381871624,11.4545459103,14.1720504612,70,1,4.54636369694,66,68,0.755566459913,7.59394274812,11.6363645359,67,2.47058852581,7.43391068129,3.47335773344,2.15367303583,2.82669611584,3.74133931551,2.37240528801,10.7127245818,1.03196928647,0.898181841689,1.15591819076,66,0.551556505868,3.74217134688,4.50268094166,0.641986326252,5.44026919344,9.11627962506,6.60910814701,0.822583243295,0.000000294737611599,3.38996133952,3.21538568481,6.88068479574,4.15712471408,0.312056629548,6.08837716908,66,2.40045421426,4.1343748801,65,3.16320838074,69,12.7304642794,8.54545520016,2.71092570048,10.2287066194,9.48837141375,10.2598892613,0.832094432269,2.9179338832,8.29411820715,7.21581172085,0.145122612305,1.66950448018,1.91390984049,1.90892103874,0,2.04651208573,0.727273115391
32909,10,-1,-1,67,-1,-1,-1,-1,-1,-1,1.57549284055,-1,6.44705671876,-1,11.6289560738,-1,-1,-1,-1,-1,-1,6.79465814725,-1,69,-1,-1,-1,-1,-1,-1,65,-1,-1,10.351215702,-1,-1,-1,0,-1,3.91867372245,-1,-1,-1,-1,-1,-1,73,-1,-1,2.08348543929,-1,71,-1,-1,-1,-1,-1,-1,-1,-1,1,-1,-1,-1,67,-1,-1,-1,-1,70,1,-1,66,68,-1,-1,-1,67,-1,-1,-1,-1,-1,-1,-1,-1,-1,-1,-1,67,-1,-1,-1,-1,-1,-1,-1,-1,-1,-1,-1,-1,-1,-1,-1,68,-1,-1,65,-1,72,18.1287089226,-1,-1,-1,-1,-1,-1,-1,-1,-1,-1,-1,-1,-1,0,-1,-1
128401,01,-1,-1,67,-1,-1,-1,-1,-1,-1,2.10065599168,-1,6.45470576941,-1,10.7092335329,-1,-1,-1,-1,-1,-1,5.51479991899,-1,69,-1,-1,-1,-1,-1,-1,65,-1,-1,6.52149727924,-1,-1,-1,0,-1,10.5028588842,-1,-1,-1,-1,-1,-1,73,-1,-1,3.13403198193,-1,69,-1,-1,-1,-1,-1,-1,-1,-1,3,-1,-1,-1,67,-1,-1,-1,-1,70,3,-1,66,68,-1,-1,-1,73,-1,-1,-1,-1,-1,-1,-1,-1,-1,-1,-1,65,-1,-1,-1,-1,-1,-1,-1,-1,-1,-1,-1,-1,-1,-1,-1,69,-1,-1,65,-1,73,14.4747801875,-1,-1,-1,-1,-1,-1,-1,-1,-1,-1,-1,-1,-1,0,-1,-1
78431,10,0.879904490208,5.85091673721,67,5.35329220415,7.91526511293,2.90130825908,3.09155699437,0.0380554057628,8.60215067023,1.29102760445,15.2261296675,6.81786324679,3.18062098054,11.8129434286,1.62488420036,6.15384665222,3.67552214019,0.325818828972,0.156649896841,19.0043992422,6.83346903673,-0.000000365007476654,69,0.147947964609,2.39793987631,3.020213523,1.7960238503,8.53745612503,-1,65,1.42687294867,1.85493532135,3.18383837019,7.94292422942,11.326590552,0.307692308779,0,2.62830962011,14.9656322328,7.20570725206,12.8894167131,2.76381987555,8.79198501179,10.3687509416,0.139298058756,67,12.2351779451,7.5624256103,0.472453423611,7.30818475109,70,15.4874658392,0.0510752280401,0.998811627671,4.28061732577,3.16702775125,11.2447636256,2.31074038,15.7392904488,2,0.16314759954,6.33931694335,17.3450658119,65,9.46492259494,15.2711497461,7.17948657292,11.3237017794,70,3,2.09380285002,66,68,2.24120725614,6.56361573727,12.8205135406,66,2.58064550688,7.52552804918,8.8616468909,1.7835918989,1.71224816423,3.85542169835,0.998810995861,10.2719238087,3.99524407287,0.166555783816,0.962089752994,66,0.435717322253,4.95725250534,3.60183053577,0.486665198806,6.61117766378,8.15384675415,7.99206265261,1.00277406622,16.6594357132,7.58578392297,2.97968877265,4.86257007173,2.41075135335,0.0245056410668,12.4681950609,66,2.30762952949,3.93092117344,66,3.56718132113,78,8.99634249353,12.8205118408,2.95264716223,6.59201216996,8.46153939692,0.000000984811118078,2.25596495551,2.35849075594,6.02150593204,2.24233610929,0.0628792009894,1.60182279842,2.67538613124,2.02484247443,1,1.20000058205,1.02564019993
214659,10,-1,-1,67,-1,-1,-1,-1,-1,-1,1.29102935427,-1,6.16581873211,-1,11.3545009588,-1,-1,-1,-1,-1,-1,6.46743258697,-1,68,-1,-1,-1,-1,-1,-1,65,-1,-1,8.25747833763,-1,-1,-1,0,-1,6.94305747096,-1,-1,-1,-1,-1,-1,67,-1,-1,2.28449757033,-1,71,-1,-1,-1,-1,-1,-1,-1,-1,2,-1,-1,-1,65,-1,-1,-1,-1,66,2,-1,66,66,-1,-1,-1,69,-1,-1,-1,-1,-1,-1,-1,-1,-1,-1,-1,70,-1,-1,-1,-1,-1,-1,-1,-1,-1,-1,-1,-1,-1,-1,-1,65,-1,-1,66,-1,70,16.5333666014,-1,-1,-1,-1,-1,-1,-1,-1,-1,-1,-1,-1,-1,0,-1,-1
48312,10,0.762886272784,9.69637239176,67,4.79589252938,5.68258221646,2.30927839966,3.01030873577,0.0208004951977,9.09090922894,2.10065576195,15.2340429295,7.43725997939,2.71454262136,11.8086522388,1.45348863291,5.00000007457,3.23951308153,0.189412187057,0.12485270704,19.6520867449,6.16201890647,-0.000000610920703228,69,0.0689180661963,2.6460476833,3.67010405009,1.03485057234,8.86597922813,69,65,1.23711322921,1.64948358983,5.72851151446,6.76288667442,12.5996424822,0.273973003408,0,4.1174160244,11.7567459888,7.38144426595,12.3298961954,2.97872299252,9.8790909849,7.53336485558,0.10215277815,70,12.5716179636,7.50515431099,0.403491730381,6.26848958483,76,15.3488368031,0.0428195130788,1.23711424015,5.2371132369,0.149253376322,10.8018701118,2.57044633396,16.2275938205,1,0.093064696663,5.63880251643,18.0284940788,65,9.69072103659,15.1492529544,10.0000006001,9.13662049252,70,1,1.77304931014,66,68,1.99131948069,6.72164932112,13.9999991928,75,2.27272722402,9.83074486142,8.43549389757,1.73195786343,1.23711347637,2.00000001903,0.927835532425,8.2343418869,4.37113320469,0.0633163699657,0.973434459708,71,0.471103643782,4.58441433561,2.79525644641,0.516614510378,6.80412274749,9.31506851826,9.74125193862,0.604810921522,19.7761194553,7.59498242914,1.25821936619,3.74746378757,1.97777183822,0.00875218107306,11.8841417643,67,1.34166031342,1.41447342073,65,2.47422726214,75,12.3719917954,10.0000008609,3.16278973418,3.81485626027,9.58904112167,-0.000000383898449196,1.11940341218,2.30769259564,6.81818209364,1.55863295848,-0.000000831781591848,1.20959626496,3.78865894591,1.21576980215,0,1.09588998567,1.0000009092
75987,10,1.13438973713,4.64254921599,67,3.38965911045,8.16568722878,3.00459853261,2.49361271847,1.35954699147,12.1008401881,1.57549284305,13.7809178122,6.05847098371,4.33544047808,11.7385330917,3.11499714828,5.8823526754,2.23989440572,0.830447621791,0.175678101409,17.3774592802,6.76666053368,0.000000701409795133,68,1.6171432053,2.22960261612,3.0045979514,4.18216723033,7.4501789705,67,65,2.20746110785,2.43229463122,5.94243818004,6.21359280312,15.716162846,0.491804160312,0,0.0736563055062,10.8899499982,5.97853832312,11.7526825923,2.80329770896,9.75128531477,6.19837658499,1.43253174821,73,14.8129909496,6.82677508978,3.16337678178,11.8108169716,65,13.9094647804,0.777354482504,2.08482339152,3.41338688517,19.6595752942,6.38045047615,2.11718568532,12.4343593195,1,1.42733959733,4.00554549498,14.9129017961,67,8.67654587363,18.9106386733,11.4285717832,10.7413623811,66,1,3.53356801904,66,66,1.34266999583,7.26622375311,13.1092442801,67,2.94117725047,8.67580050986,3.54480497121,2.39141556015,2.14614125647,6.37837935936,1.67092447809,9.89617838485,0.49054718864,0.643840965434,0.681397113184,71,0.479290412244,4.3230286974,3.25805912914,0.566073661145,5.18139924975,9.26229513635,8.32656085291,0.655764873514,0.238297478596,3.67587735941,2.43612743747,4.85002247821,2.65125492876,0.752979584745,8.72140828398,67,1.60399472022,2.32420086186,65,3.18855470886,80,14.1995196643,8.73949666106,3.10013652046,8.01948662208,9.75409872619,9.48763283671,1.03829776549,3.50299499929,9.15966341524,7.09126852312,0.080583857594,1.26570605906,7.08993439782,1.40608950896,0,1.95082040025,1.00840277202
63907,01,1.50815147876,6.46330616901,67,4.72649893183,6.36180136233,2.33695591863,3.42391323239,0.0317398020661,7.82608757192,2.62582098357,14.9999990433,7.52146387709,3.15168707523,11.3386104574,2.17770118558,4.79999925036,3.57682882047,0.30956255573,0.180837866993,18.3380544784,5.79248341762,0.000000500608281755,65,0.0617363951609,2.0923915539,3.58695626498,1.57151972898,7.79891280497,68,65,1.46739166329,1.35869562134,6.08747662718,6.95652141588,12.2903025219,0.476190628594,0,4.64347580818,11.7176758299,6.35869606234,12.7989120782,2.69230700946,10.704396707,7.08231731222,0.124283585785,70,11.9734013229,6.90217318692,1.24128765678,8.52416883837,69,15.1916380944,0.0507452989065,1.2228251631,4.64673990984,0.776256349522,9.7970759926,1.94293509163,16.6091329842,1,0.111166382533,6.28368640948,17.0084959785,65,8.47826011939,13.9726031537,11.9999995485,9.43806754252,70,1,2.40384564982,66,68,2.16133563547,6.19565268429,12.8000005644,75,1.30434704869,9.13414465015,8.69235166774,1.30434768509,0.978261764356,1.78571438152,1.22282705401,8.11282551548,3.20652079151,0.0484493685806,0.973520282138,65,0.342513551178,4.82038761812,4.60495595071,0.375453886019,5.92391251744,6.19047671423,11.62656701,1.0461962688,19.1324198495,6.33949655946,1.55269626281,4.80172174649,2.72505621759,0.0149187946665,12.8423934977,69,1.55424063593,1.92434154955,65,1.63043531162,68,12.7712450048,8.00000046737,2.7177701538,4.53900723329,6.66666691997,0.525016217148,1.73516076239,1.88976301215,6.52173920666,1.92153708827,0.00000040723717682,2.6569495632,4.43274480027,1.41737456127,0,0.793651437414,2.39999994207
